{"cameraMode":{"drawMode":0,"name":"Shaded","section":"Shading Mode"},"sceneLighting":false,"audioPlay":false,"sceneViewState":{"m_AlwaysRefresh":false,"showFog":true,"showSkybox":true,"showFlares":true,"showImageEffects":true,"showParticleSystems":true,"showVisualEffectGraphs":true,"m_FxEnabled":true},"in2DMode":false,"pivot":{"x":-16.633102416992189,"y":16.468000411987306,"z":-58.128456115722659},"rotation":{"x":0.021267924457788469,"y":0.22392243146896363,"z":0.005202845204621553,"w":-0.9744207262992859},"size":13.391125679016114,"orthographic":false}